channel_name,subscribers,category,views_counts,video_count,started_year,revenue
YRF,56800000,Film & Animation,37545079015,3843,2006,938626975.0
Tips Official,62000000,Music,35324377300,5093,2007,883109432.0
Vijay Television,21800000,Entertainment,33261234887,57945,2007,831530872.0
Infobells  Hindi,56900000,Education,32804274867,608,2014,820106872.0
TSeries Bhakti Sagar,64100000,Music,31453062173,26707,2011,786326554.0
Sony Music India,58400000,Music,29919897899,4132,2009,747997447.0
Speed Records,43000000,Music,27487097366,11104,2012,687177434.0
Aaj Tak,59700000,News & Politics,27056790361,312396,2009,676419759.0
Aditya Music India,29200000,Music,26967421316,22027,2008,674185533.0
Goldmines,91600000,Film & Animation,26313512673,7098,2012,657837817.0
KL BRO Biju Rithvik,33900000,Entertainment,26055972847,2082,2020,651399321.0
Sun TV,25200000,People & Blogs,24802399903,71475,2016,620059998.0
TSeries Bollywood Classics,37300000,Music,24001998548,2029,2012,600049964.0
etvteluguindia,19900000,Entertainment,23957284940,131205,2010,598932124.0
Shemaroo,49800000,Entertainment,23389753677,11298,2007,584743842.0
Shorts Break,32600000,Comedy,22128396564,518,2021,553209914.0
TSeries Apna Punjab,35300000,Music,22118434190,7940,2011,552960855.0
Dushyant kukreja,33800000,Entertainment,20569250056,988,2015,514231251.0
ZEE5,14700000,Entertainment,19052524551,106692,2018,476313114.0
Zee News,32900000,News & Politics,18895759663,194327,2007,472393992.0
infobells  Tamil,30100000,Education,18636898237,587,2014,465922456.0
Mazhavil Manorama,16700000,Entertainment,17910342953,94859,2011,447758574.0
Goldmines Gaane Sune Ansune,39700000,Music,17582904246,3628,2015,439572606.0
IndiaTV,37300000,News & Politics,17443383075,286073,2006,436084577.0
WowKidz,33500000,Film & Animation,17369611464,5204,2015,434240287.0
Worldwide Records Bhojpuri,32700000,Music,16983008674,6720,2012,424575217.0
Jkk Entertainment,37400000,Comedy,16588028826,225,2017,414700721.0
Tarang TV,8170000,Entertainment,16469272283,53345,2012,411731807.0
Dangal TV Channel,24900000,Entertainment,16098138242,23773,2017,402453456.0
Ultra Bollywood,37600000,Trailers,15971421110,9458,2009,399285528.0
Asianet,9830000,Entertainment,15905253732,121758,2008,397631343.0
infobells  Telugu,30000000,Education,15790890407,537,2014,394772260.0
Rajshri,34500000,Music,15644554687,4027,2006,391113867.0
Ishaan Ali 11,25600000,People & Blogs,15069538913,1065,2016,376738473.0
Gulshan Kalra,30600000,Howto & Style,14160344464,573,2018,354008612.0
ABP NEWS,38700000,People & Blogs,14126308378,328909,2012,353157709.0
Priyal Kukreja,24500000,People & Blogs,14069915253,873,2021,351747881.0
ETV Jabardasth,14300000,People & Blogs,14013713800,10440,2015,350342845.0
BehindwoodsTV,13600000,Entertainment,13444438727,59458,2010,336110968.0
LittleGlove,13400000,People & Blogs,13223574473,1784,2020,330589362.0
Kashvi Adlakha,16000000,Entertainment,13085844834,1634,2017,327146121.0
Geet MP3,34600000,Music,13078727096,684,2016,326968177.0
Taarak Mehta Ka Ooltah Chashmah,18800000,Entertainment,12830209316,5883,2014,320755233.0
Lahari Music  TSeries,17200000,Music,12311500277,9037,2011,307787507.0
LIV Crime,23100000,People & Blogs,12291035723,11565,2020,307275893.0
Flowers Comedy,12900000,Entertainment,12270015856,12588,2015,306750396.0
Neetu Bisht,17900000,Entertainment,12148108888,1558,2011,303702722.0
Apu Alone,9960000,Comedy,12014277805,3614,2021,300356945.0
TV9 Bharatvarsh,17100000,People & Blogs,11951659305,325082,2018,298791483.0
SEVENGERS,15500000,Comedy,11526406465,971,2018,288160162.0
KHANDESHI MOVIES,33500000,Comedy,11517757950,224,2013,287943949.0
Bobby chourasiya,22000000,People & Blogs,11485856251,477,2019,287146406.0
Azhan5star,25700000,Entertainment,11406385348,738,2021,285159634.0
The Lallantop,26400000,News & Politics,11342909138,54913,2015,283572728.0
White Hill Music,23300000,Entertainment,11296470625,6333,2014,282411766.0
Polimer News,9380000,News & Politics,11098680852,211944,2014,277467021.0
Aditya Movies,30200000,Movies,11076913864,6025,2012,276922847.0
Sony Music South,16200000,Music,11069189536,2988,2014,276729738.0
Family Fitness,13000000,Entertainment,10754023710,1841,2017,268850593.0
Tilak,26300000,Film & Animation,10662056366,8025,2020,266551409.0
Heroindori,27800000,Comedy,10577441018,524,2020,264436025.0
Cheri's World,16300000,People & Blogs,10564326702,949,2014,264108168.0
The Vishal bhatt,15600000,Comedy,10543932399,1151,2021,263598310.0
Techno Gamerz,36600000,Gaming,10503671551,990,2017,262591789.0
Sourav Joshi Vlogs,23200000,People & Blogs,10473783448,1498,2019,261844586.0
unknown boy varun,25700000,Music,10354875277,532,2016,258871882.0
Desi Music Factory,33700000,Music,10336187494,130,2014,258404687.0
ABP MAJHA,11700000,News & Politics,10306836877,338523,2014,257670922.0
spider_man,14400000,,10223804693,1497,2022,255595117.0
Sun Bangla,9360000,Entertainment,10211634697,23969,2018,255290867.0
V6 News Telugu,9510000,News & Politics,10188775411,276117,2013,254719385.0
Thanthi TV,8990000,News & Politics,10120141082,335818,2012,253003527.0
Volga Video,16000000,Film & Animation,9921470988,16931,2012,248036775.0
TV9 Telugu Live,10800000,Entertainment,9881220410,292728,2011,247030510.0
SriBalajiMovies,17200000,Entertainment,9879966962,21720,2011,246999174.0
A2 Motivation by Arvind Arora,16100000,Entertainment,9802656350,3495,2017,245066409.0
Green Gold TV  Official Channel,20300000,Film & Animation,9778900755,1645,2011,244472519.0
Prime Video India,18900000,Entertainment,9697097382,8214,2016,242427435.0
Aayu and Pihu Show,17100000,Comedy,9658257426,468,2017,241456436.0
Manorama News,8360000,News & Politics,9592499313,442429,2014,239812483.0
Republic Bharat,18600000,News & Politics,9578413074,113547,2019,239460327.0
The geeta gurjar,15500000,,9478474198,916,2021,236961855.0
Akshay Nagwadiya,28400000,Entertainment,9472946586,702,2017,236823665.0
Goldmines Bollywood,27800000,Film & Animation,9139345654,3976,2015,228483641.0
Goldmines Dishoom,29300000,Film & Animation,9122917712,4220,2016,228072943.0
THE BROWN SIBLINGS,15600000,Entertainment,9024175039,1090,2016,225604376.0
Pop Chartbusters,17400000,Music,9018407389,2253,2011,225460185.0
VENDY YADUWANSHI,12800000,Entertainment,8991011347,920,2020,224775284.0
STAR à¤­à¤¾à¤°à¤¤,12500000,People & Blogs,8970779133,18133,2007,224269478.0
News 24,18200000,News & Politics,8962817801,247739,2014,224070445.0
jaanvi patel,20300000,People & Blogs,8895933993,537,2018,222398350.0
Wow Kidz Action,20100000,Film & Animation,8768688605,1998,2017,219217215.0
Vijay Kumar Viner Vlogs,16100000,Entertainment,8766497143,1565,2019,219162429.0
RS 1313 SHORTS,15300000,Entertainment,8733947418,6007,2020,218348685.0
Right to Shiksha,13800000,Education,8665159179,2282,2020,216628979.0
Harpreet SDC,11500000,Entertainment,8585499858,2361,2019,214637496.0
prashu__baby,9360000,Entertainment,8582905814,933,2011,214572645.0
Infobells Bangla,16900000,Education,8546803602,389,2016,213670090.0
ABPLIVE,26200000,People & Blogs,8543866172,194743,2017,213596654.0
Netflix India,22600000,People & Blogs,8442880628,3903,2016,211072016.0
deepesh zo,19900000,People & Blogs,8325886723,674,2021,208147168.0
Raj Grover,10900000,Entertainment,8287682418,538,2021,207192060.0
Busy Fun Ltd,19600000,,8258917681,220,2019,206472942.0
Shemaroo Movies,29900000,Entertainment,8218556187,3146,2011,205463905.0
Sony LIV,16700000,Entertainment,8169728974,13529,2014,204243224.0
Crazy XYZ,28400000,Entertainment,8143307355,1294,2017,203582684.0
Saregama TV Shows Tamil,7430000,People & Blogs,8109151098,21157,2018,202728777.0
Anand Audio,11100000,Music,8094050544,5182,2011,202351264.0
Fun For Kids TV  Hindi Rhymes,18300000,Entertainment,8090223661,172,2017,202255592.0
Pari's Lifestyle,12600000,People & Blogs,7942249601,490,2018,198556240.0
Zee Kids,13000000,Film & Animation,7928542223,1231,2012,198213556.0
NTV Telugu,7760000,News & Politics,7899175161,310214,2014,197479379.0
Sonotek,19400000,Entertainment,7718244709,8318,2011,192956118.0
NMF News,17000000,News & Politics,7683956203,117548,2013,192098905.0
ETV Dhee,10500000,People & Blogs,7661079943,4625,2017,191526999.0
Kiddiestv Hindi  Nursery Rhymes & Kids Songs,21000000,Education,7590088688,235,2017,189752217.0
Anupam Movie Songs,11500000,Music,7530071970,3081,2018,188251799.0
Paayal Tena Short Videos,10500000,People & Blogs,7470192906,926,2021,186754823.0
mallemalatv,8490000,Entertainment,7424298434,12642,2014,185607461.0
CHANDAN ART ACADEMY,9810000,Education,7264632321,1821,2016,181615808.0
VikatanTV,7300000,Shows,7238036484,21172,2011,180950912.0
TeluguOne,9820000,Comedy,7221011069,48320,2006,180525277.0
123 GO! Hindi,10700000,Entertainment,7076750965,573,2019,176918774.0
LIV Comedy,11600000,Entertainment,7048287601,11605,2020,176207190.0
Pen Movies,25300000,Film & Animation,7024975489,1669,2014,175624387.0
Ruh,12400000,People & Blogs,7003489389,1123,2021,175087235.0
infobells  Kannada,14900000,Education,6988612034,465,2014,174715301.0
sagar kalra (Shorts),17200000,People & Blogs,6920890934,481,2017,173022273.0
SVF,11700000,Music,6883757819,3436,2006,172093945.0
Kids TV India Hindi Nursery Rhymes,14200000,Shows,6877700508,1646,2014,171942513.0
NDTV India,15400000,News & Politics,6827577879,100848,2008,170689447.0
Mukesh jaiswal,10800000,People & Blogs,6731242307,1184,2017,168281058.0
Sangeeth Kumar,10400000,People & Blogs,6700823417,789,2021,167520585.0
Akash Parihar,9400000,People & Blogs,6639170575,646,2021,165979264.0
Bihari Ladka,11300000,Gaming,6636019514,585,2017,165900488.0
SagaHits,12000000,Music,6586335903,3037,2010,164658398.0
Voot,8740000,People & Blogs,6562923597,25040,2016,164073090.0
SRK MUSIC,15600000,Music,6559926146,5139,2012,163998154.0
Samayra Narula Official,11100000,People & Blogs,6528941665,1113,2020,163223542.0
Noman Official,18300000,Comedy,6505297178,671,2019,162632429.0
MY FAMILY,16300000,,6469402962,296,2019,161735074.0
Vikram Singh Fitness,6920000,Sports,6458308970,9291,2018,161457724.0
Village Cooking Channel,22900000,Howto & Style,6430499374,219,2018,160762484.0
Enterr10 Rangeela,12800000,Entertainment,6388676773,5057,2017,159716919.0
Paytm,571000,People & Blogs,6377423330,698,2013,159435583.0
Nirahua Music World,12400000,Music,6376236538,819,2014,159405913.0
Artist Shikha Sharma,9570000,Entertainment,6339597151,1552,2019,158489929.0
Zee 24 Taas,8030000,News & Politics,6332597345,321874,2010,158314934.0
asianetnews,8410000,News & Politics,6291104809,237083,2008,157277620.0
Mor Haryanvi,12200000,Music,6290297552,414,2015,157257439.0
Shalimar Telugu & Hindi Movies,8340000,Entertainment,6246222013,81319,2013,156155550.0
ADHARV & COUSINS JOURNEY,6330000,Entertainment,6234588063,971,2020,155864702.0
TSeries Telugu,8700000,Music,6155457745,6108,2014,153886444.0
Jass Records,13000000,Music,6148596896,5290,2014,153714922.0
Galatta Tamil,7670000,Entertainment,6123239804,72049,2010,153080995.0
Ankita Bhawsar,12100000,People & Blogs,6110707996,718,2017,152767700.0
Shivam Malik,8770000,Education,6065999249,5423,2012,151649981.0
Sidharrth TV,8180000,Entertainment,6021912360,16318,2016,150547809.0
MR. INDIAN HACKER,33500000,Science & Technology,6012094277,947,2012,150302357.0
Asli Mona Official,11400000,Comedy,5980782514,841,2021,149519563.0
Priyankka Tyagi,9760000,Comedy,5908036750,704,2021,147700919.0
Colors Bangla,10000000,Entertainment,5856727201,53129,2010,146418180.0
Total Gaming,36700000,Gaming,5825073909,1254,2018,145626848.0
Venus Entertainment,24700000,Entertainment,5803956507,1934,2010,145098913.0
Kanak News,7150000,News & Politics,5735126913,233217,2011,143378173.0
Oggy Hindi,10800000,Entertainment,5725525143,497,2019,143138129.0
Palli Gram TV,8770000,,5710025518,332,2017,142750638.0
Ketan mehta,8900000,People & Blogs,5667904011,1069,2020,141697600.0
Peppa Pig Hindi,11900000,Film & Animation,5633890993,983,2018,140847275.0
Suyash Vlogs,5440000,Entertainment,5631285875,1666,2015,140782147.0
Goldmines Great Indian Comedy,20500000,Film & Animation,5608091853,3418,2016,140202296.0
Pradeep life vlogs,11400000,Entertainment,5552058221,851,2016,138801456.0
PuthiyathalaimuraiTV,9930000,News & Politics,5543551603,288840,2012,138588790.0
Dharma Productions,10600000,Film & Animation,5456343401,1448,2010,136408585.0
RS 1313 LIVE,7050000,Gaming,5452148933,7917,2020,136303723.0
Masha and the Bear,12300000,Film & Animation,5426233281,1047,2017,135655832.0
Awez Darbar,11700000,Entertainment,5425177440,847,2014,135629436.0
aman dancer real,10600000,Entertainment,5423177382,391,2020,135579435.0
Sathiyam News,5810000,News & Politics,5412861274,212870,2015,135321532.0
INDIA EAT MANIA,6100000,Entertainment,5399584024,1841,2019,134989601.0
TSeries Regional,14400000,Entertainment,5377706460,15088,2011,134442662.0
ChuChuTV Hindi,11800000,Education,5325217896,384,2018,133130447.0
Chimkandi,11400000,Comedy,5319283069,362,2016,132982077.0
Gauravaroravlogs,5950000,Entertainment,5316083900,1404,2015,132902098.0
LIV Kids Hindi,9030000,Education,5315250631,2265,2016,132881266.0
infobells,14000000,Education,5310760258,524,2011,132769006.0
Adaah Queen,13200000,Entertainment,5300953725,503,2020,132523843.0
Kurulus Osman Urdu by atv,7870000,Entertainment,5287417937,6730,2021,132185448.0
Jugnu Kids  Nursery Rhymes and Best Baby Songs,12800000,Education,5273900578,4875,2015,131847514.0
Wave Music Bhakti,12800000,Music,5257995999,20170,2011,131449900.0
Foodie Incarnate,5440000,People & Blogs,5255457400,965,2016,131386435.0
Ayan Mechanic,4990000,Science & Technology,5197123802,1374,2020,129928095.0
zoom,7430000,Entertainment,5193441077,92671,2007,129836027.0
NDTV,12800000,Entertainment,5193339875,158627,2006,129833497.0
NEXT9NEWS,11500000,Entertainment,5187640914,144291,2014,129691023.0
VYRLOriginals,12000000,Music,5141583511,255,2015,128539588.0
RDC Gujarati,11800000,Music,5092313394,8837,2013,127307835.0
ARE YOU HUNGRY,7370000,Entertainment,5070990589,999,2020,126774765.0
MyMissAnand,13700000,People & Blogs,5064994503,355,2014,126624863.0
Rathore Cassettes,12600000,Music,5046745905,5895,2013,126168648.0
utkal cartoonworld,7610000,,5036199001,640,2008,125904975.0
Hungry Birds,9460000,Education,5035791026,502,2016,125894776.0
Bindass Kavya,10900000,,5012697714,662,2017,125317443.0
UP Tak,9000000,News & Politics,4967698051,42918,2018,124192451.0
Taarak Mehta Ka Ooltah Chashmah Episodes,3030000,Comedy,4952752471,9499,2020,123818812.0
Sonam Prajapati team,8830000,People & Blogs,4952212120,1479,2019,123805303.0
RKD Studios,20600000,Entertainment,4938476796,828,2014,123461920.0
seeVi la,4690000,Comedy,4918570247,4183,2015,122964256.0
Telugu Filmnagar,12400000,Entertainment,4912691838,28055,2011,122817296.0
Saregama Hum Bhojpuri,12500000,Music,4890531759,1259,2019,122263294.0
IndiaGlitz Tamil,6740000,Entertainment,4884210310,42125,2010,122105258.0
Saas Bahu Aur Betiyaan,6670000,People & Blogs,4878824332,40770,2015,121970608.0
CHINNU_6542,5540000,Entertainment,4866543092,851,2015,121663577.0
Sandeep Bhatt Vlogs,7740000,People & Blogs,4841201960,1059,2020,121030049.0
ChuChuTV Learning with Surprise Eggs,8230000,Education,4839135972,313,2015,120978399.0
Crafter Aditi,10100000,Howto & Style,4831197529,1139,2014,120779938.0
BB Ki Vines,26300000,Entertainment,4825681963,190,2015,120642049.0
Gem Tunes Haryanvi,2800000,Entertainment,4824299790,825,2017,120607495.0
Single Track Studio,11900000,Entertainment,4815884779,1746,2010,120397119.0
The MriDul,16000000,Comedy,4807676871,132,2015,120191922.0
Lokdhun Punjabi,13200000,Music,4791627869,1182,2010,119790697.0
Oneindia Hindi,12000000,News & Politics,4747207546,149469,2015,118680189.0
News Nation,11600000,News & Politics,4738139564,146245,2012,118453489.0
Cute Shivani,12800000,People & Blogs,4634777306,732,2021,115869433.0
Times Music,12400000,Music,4625780578,2456,2010,115644514.0
ChuChuTV Bangla,7710000,,4568902185,302,2019,114222555.0
BLUE BOX,6080000,,4558224603,474,2020,113955615.0
Koo Koo TV  Hindi,12100000,Education,4551807973,1221,2017,113795199.0
Abhay Bhadoriya,9880000,Entertainment,4524154897,1837,2018,113103872.0
CKM,12500000,Comedy,4517883267,120,2018,112947082.0
Indore Physical Academy,15300000,People & Blogs,4496356052,2020,2014,112408901.0
StudyIQ IAS,15600000,Education,4482415247,46169,2015,112060381.0
TV5 News,4770000,News & Politics,4477118856,259617,2011,111927971.0
Sanjoy Das Official,14900000,Entertainment,4475305190,1852,2015,111882630.0
Sumeet Music,7300000,Entertainment,4465306910,2920,2013,111632673.0
Hindustan Times,6160000,News & Politics,4464797713,54449,2005,111619943.0
WION,8180000,News & Politics,4442597823,122687,2016,111064946.0
Chetak,10500000,Music,4420465731,11731,2011,110511643.0
Pjdivya Official,9210000,People & Blogs,4384635983,1189,2014,109615900.0
Nisha Lambha,6370000,,4368174272,15460,2012,109204357.0
Mahesh Chavan,8330000,Entertainment,4347856040,1056,2015,108696401.0
shuaib011,11600000,Entertainment,4296330015,601,2020,107408250.0
Google India,8150000,People & Blogs,4291784901,730,2007,107294623.0
RS 1313 SHORT STORIES,6310000,Entertainment,4288556400,8462,2020,107213910.0
The BN Family,3680000,Entertainment,4285822462,1160,2013,107145562.0
Multi DO Challenge Hindi,8730000,,4266311784,463,2020,106657795.0
Movie Talkies,6980000,Entertainment,4232011990,42240,2008,105800300.0
shadab5star,11300000,Entertainment,4209266177,809,2020,105231654.0
Akash Sagar,4030000,Comedy,4189007455,791,2017,104725186.0
FilterCopy,10000000,Comedy,4163323586,922,2015,104083090.0
Hindi Kahaniya,10800000,Film & Animation,4148988962,1032,2018,103724724.0
MaJa Tv Moral Stories Fairy Tales,11100000,Entertainment,4132213251,449,2017,103305331.0
FACT BOY,9170000,,4123931059,1070,2021,103098276.0
ETV Andhra Pradesh,5810000,News & Politics,4112044846,359240,2011,102801121.0
News Tak,10100000,News & Politics,4094106089,51722,2017,102352652.0
Tirth Parsana,3630000,Film & Animation,4088372506,2035,2017,102209313.0
The noodles girl,10000000,People & Blogs,4087352304,633,2020,102183808.0
SMOL Hindi,4870000,Entertainment,4080483418,2191,2021,102012085.0
Trimurti Cassettes,9220000,Entertainment,4079322922,5524,2012,101983073.0
NH Studioz,13000000,Film & Animation,4044458764,3122,2011,101111469.0
Reshmi Jaiswal,6910000,People & Blogs,4041635109,630,2021,101040878.0
SR Toys Collection,12200000,Entertainment,4033176164,984,2012,100829404.0
vlogger varun,11100000,Entertainment,3982893528,412,2018,99572338.0
Varsha Singh Rajput,6490000,Entertainment,3959337735,580,2014,98983443.0
Tamil cinema,7310000,Film & Animation,3955071488,6364,2015,98876787.0
Rachit Rojha,12800000,Entertainment,3952782029,202,2016,98819551.0
Sufiyan and Nida,5860000,Entertainment,3939508123,1476,2020,98487703.0
Tech Master Shorts,7950000,People & Blogs,3934602626,779,2021,98365066.0
MK Studio,9260000,Music,3924314533,171,2016,98107863.0
Sonotek Bhakti,13600000,Entertainment,3912146487,8232,2010,97803662.0
Bollygrad Studioz,8690000,Music,3903083219,66139,2014,97577080.0
Vivek Bhardwaj,11100000,,3902374560,605,2021,97559364.0
Flying Beast,8650000,People & Blogs,3898492903,1536,2017,97462323.0
Dream Stories TV Adventure,9680000,,3885540814,486,2019,97138520.0
ETV Plus India,5160000,Comedy,3876047316,30500,2013,96901183.0
Haste Raho,10300000,Comedy,3867509555,1807,2018,96687739.0
BhavaniHD Movies,8020000,Entertainment,3854694087,34818,2016,96367352.0
M4 Tech,12300000,Entertainment,3850447171,581,2017,96261179.0
Zidaan Shahid Aly,8000000,People & Blogs,3848520924,2342,2021,96213023.0
Ayngaran,5490000,Music,3848155438,20324,2006,96203886.0
Pen  Bhakti,7780000,Music,3845762245,5547,2019,96144056.0
SumanTV,7420000,Entertainment,3815805958,66491,2013,95395149.0
Sony Marathi,4000000,Entertainment,3805756588,40410,2018,95143915.0
TellyMasala,6650000,Entertainment,3799303291,35851,2014,94982582.0
Shemaroo Kids,8790000,Entertainment,3776161981,2373,2009,94404050.0
hmtv News,4240000,News & Politics,3767374453,258499,2014,94184361.0
Zee Music Marathi,6720000,Music,3751200743,3077,2014,93780019.0
So Saute,3210000,Howto & Style,3750290551,1337,2020,93757264.0
Anjali Dhariwal,10200000,People & Blogs,3740727959,611,2018,93518199.0
Chapati Hindustani Gamer,8340000,Gaming,3739716930,1685,2017,93492923.0
Samsung India,4950000,Science & Technology,3731200968,1966,2009,93280024.0
CURIO,5890000,,3708889466,220,2021,92722237.0
Mad 4 Music,7780000,Music,3704637113,3055,2011,92615928.0
Emiway Bantai,20700000,Music,3693353462,245,2013,92333837.0
Fine Digital Haryanvi,6820000,,3685262023,2614,2018,92131551.0
Navbharat Times,9030000,News & Politics,3642879145,73034,2014,91071979.0
SureshProductions,6490000,Entertainment,3634673529,6505,2009,90866838.0
Sonam Prajapati,8200000,Entertainment,3606031875,1814,2014,90150797.0
Mathrubhumi News,4120000,News & Politics,3590272474,168053,2013,89756812.0
Crime Tak,8360000,News & Politics,3589171791,21645,2018,89729295.0
Triggered Insaan,20700000,Comedy,3583725818,313,2014,89593145.0
shagun style,7510000,People & Blogs,3580670687,635,2018,89516767.0
Muzik247,5820000,Music,3579436638,2612,2014,89485916.0
90's Gaane,8010000,Music,3574346183,623,2019,89358655.0
Payal Panchal,9790000,Comedy,3574226640,320,2019,89355666.0
Mr Gyani Facts,5920000,,3572629211,452,2020,89315730.0
We r Loser,5010000,Comedy,3571876153,688,2020,89296904.0
BakLol Video,11600000,Entertainment,3568592160,332,2016,89214804.0
Geetha Arts,6090000,Entertainment,3561787524,4368,2008,89044688.0
Mridul Madhok,8400000,Education,3539829024,3131,2010,88495726.0
Nav Haryanvi,9630000,Music,3525985646,776,2017,88149641.0
Anaysa,13500000,Howto & Style,3525867138,641,2012,88146678.0
Technical Guruji,23300000,Science & Technology,3508044014,5201,2015,87701100.0
CarryMinati,40600000,Comedy,3485611082,189,2014,87140277.0
The Live Tv,7220000,News & Politics,3479051603,11432,2018,86976290.0
REHKAN OFFICIAL,6040000,People & Blogs,3472924740,1234,2018,86823118.0
Kia India,428000,,3440232802,520,2017,86005820.0
Saregama Tamil,6580000,Music,3399926748,7756,2012,84998169.0
Pen Multiplex,11800000,Film & Animation,3399715942,2851,2015,84992899.0
Ambey Bhakti,10800000,Music,3398984378,5925,2013,84974609.0
foodies aao,4990000,People & Blogs,3397058937,930,2020,84926473.0
Angle Music Official Channel,8880000,Entertainment,3387975977,13984,2014,84699399.0
Wunderbar Films,5850000,Film & Animation,3362271731,710,2014,84056793.0
Shemaroo TV,7310000,People & Blogs,3360200925,8665,2020,84005023.0
Amazon India,1540000,Entertainment,3359675045,1555,2013,83991876.0
Ur SmartMaker Shorts,7930000,People & Blogs,3340736609,168,2018,83518415.0
Wow Kidz Comedy,9440000,Film & Animation,3332268524,2463,2017,83306713.0
MS KOMAL,9110000,People & Blogs,3324537330,494,2022,83113433.0
IR GAMES,7420000,Gaming,3313324481,1761,2017,82833112.0
Ayush Yadav,5760000,Entertainment,3308382165,660,2014,82709554.0
tiyaa_ningwal_official,10300000,Entertainment,3308358860,571,2016,82708972.0
Awadhesh Premi Official,8510000,,3307188638,1459,2018,82679716.0
TIMES NOW Navbharat,7180000,News & Politics,3305803543,77676,2021,82645089.0
Frostbite Gaming,5200000,,3296263107,2014,2014,82406578.0
National Dastak,8560000,News & Politics,3285075479,39790,2015,82126887.0
rjkarishma,6070000,People & Blogs,3284282799,230,2013,82107070.0
RDC Rajasthani,7990000,Music,3271685100,13902,2013,81792128.0
Funcho Shorts,5570000,People & Blogs,3270170975,348,2021,81754274.0
Colors Kannada,3880000,Entertainment,3265732474,83489,2010,81643312.0
Sadiq Ahmed Vines,9340000,Entertainment,3249043125,545,2022,81226078.0
Eskay Movies,6090000,Film & Animation,3245270900,3171,2016,81131772.0
Round2hell,31500000,Comedy,3230903148,67,2016,80772579.0
Scary Teacher 3D Gaming,5490000,Gaming,3220418189,562,2018,80510455.0
RK Rajani Kaushal,3950000,Entertainment,3209118846,8850,2018,80227971.0
Mythpat,14100000,Entertainment,3199067239,380,2018,79976681.0
Sports Tak,6950000,Sports,3196500571,34144,2017,79912514.0
NewsFirst Kannada,3060000,News & Politics,3193884309,111183,2018,79847108.0
Humble Music,8650000,Music,3190542391,613,2017,79763560.0
Salonayyy,5740000,Comedy,3169611405,686,2019,79240285.0
Maneesh Vishnu,4090000,People & Blogs,3153923383,746,2020,78848085.0
King of Cubers,11800000,Howto & Style,3152422262,365,2019,78810557.0
Himesh Reshammiya Melodies,8340000,Music,3125591919,323,2020,78139798.0
COMMANDO ACADEMY PHYSICAL,4530000,Sports,3123253252,2865,2021,78081331.0
Khesari Music World,8930000,Music,3112523110,680,2017,77813078.0
Sonotek Punjabi,8450000,People & Blogs,3109241926,1607,2017,77731048.0
10TV News Telugu,3780000,News & Politics,3108435260,200725,2013,77710882.0
HD Songs Bollywood,9790000,Music,3099633245,709,2015,77490831.0
Tech FC Shorts,6230000,Science & Technology,3097835179,397,2018,77445879.0
Gaane Naye Purane,7870000,Music,3095511839,2686,2013,77387796.0
DEV Ke Facts,15300000,,3090443871,311,2012,77261097.0
Wait For It,5770000,Entertainment,3090199803,360,2022,77254995.0
Being Suku,4730000,Entertainment,3079599171,448,2020,76989979.0
sonu.indoriii,8050000,Comedy,3072990164,528,2013,76824754.0
wifistudy by Unacademy,15900000,Education,3060791443,53319,2014,76519786.0
Aniruddhacharya ji,12500000,,3060766055,6098,2017,76519151.0
Zee Music South,5740000,Music,3053638733,1512,2015,76340968.0
BabyBus  à¤¬à¤à¥à¤à¥à¤ à¤à¥ à¤à¥à¤¤&à¤à¤¾à¤°à¥à¤à¥à¤¨ à¤à¤¨à¥à¤®à¥à¤¶à¤¨,6900000,Education,3041310501,551,2020,76032763.0
Eros Now Movies Preview,6750000,Entertainment,3029212396,1734,2012,75730310.0
NishaMadhulika,13900000,Howto & Style,3026550871,2192,2009,75663772.0
Super Se Uper Vlogs,2510000,People & Blogs,3016703700,10866,2022,75417592.0
Pramod`s Life,6650000,Autos & Vehicles,3012866298,349,2015,75321657.0
News18 Punjab/Haryana/Himachal,5370000,People & Blogs,3002179702,157086,2015,75054493.0
Kabita's Kitchen,13500000,Howto & Style,2992430397,1598,2014,74810760.0
Kuldeep Singhania Shorts,7360000,People & Blogs,2966806522,875,2021,74170163.0
Kiran Family Official,3180000,Entertainment,2963689192,3334,2022,74092230.0
Sanjivani Music,6720000,Music,2962503456,17147,2011,74062586.0
Green Gold Kids,7170000,Film & Animation,2960504831,1457,2015,74012621.0
Lakhneet Vlogs,5830000,People & Blogs,2955542986,1950,2020,73888575.0
Sanjot Nagi,6480000,People & Blogs,2949067402,1002,2013,73726685.0
ZHC,26000000,Film & Animation,2944043597,321,2013,73601090.0
Ankush Raja Official,7620000,Music,2943880959,129,2018,73597024.0
Disney India,5630000,Shows,2941607369,2505,2010,73540184.0
Shemaroo Bhakti,11500000,Entertainment,2928596032,4472,2009,73214901.0
AS Gaming,20000000,Gaming,2926973974,1358,2016,73174349.0
India Today,7960000,News & Politics,2915591206,161306,2015,72889780.0
Filmy Duniya,10300000,Entertainment,2909209711,1999,2019,72730243.0
Live Hindustan,6680000,News & Politics,2898928206,56630,2015,72473205.0
Colors,3660000,Entertainment,2894876830,11492,2015,72371921.0
Mohak Meet,7750000,Comedy,2887233367,997,2012,72180834.0
Chattambees,3830000,Comedy,2883891860,619,2020,72097296.0
WooHoo India,5800000,,2881563612,1103,2019,72039090.0
Neha Sahani,10700000,Entertainment,2878873861,812,2018,71971847.0
With Love Nagaraj Sangeetha,4740000,People & Blogs,2871649052,729,2013,71791226.0
Kunal monu,7510000,Entertainment,2868724017,1559,2018,71718100.0
Kaumudy,4890000,Entertainment,2861827592,64619,2011,71545690.0
Raghav Digital,7130000,Music,2860795934,105,2017,71519898.0
Al Jasar Siddiqui,7430000,Entertainment,2858077793,1287,2017,71451945.0
realme India,3720000,Science & Technology,2848492685,938,2018,71212317.0
Dil Raju,5020000,Film & Animation,2846890375,2169,2007,71172259.0
Anil Kumar Masani,4470000,People & Blogs,2833366044,487,2013,70834151.0
Megha Chaube Shorts,5330000,People & Blogs,2831388912,675,2020,70784723.0
ABP Ganga,4890000,News & Politics,2828054050,146335,2019,70701351.0
Switch,7690000,News & Politics,2822107377,87762,2015,70552684.0
Surinder  Films,5140000,Music,2821953875,1081,2014,70548847.0
Voice of Heart Music,6990000,Music,2821727079,1125,2015,70543177.0
Earth fact,3900000,Education,2817321830,494,2021,70433046.0
Little Talks,3270000,Entertainment,2814805143,21104,2018,70370129.0
RSMSA,4050000,Education,2775078960,557,2019,69376974.0
Sp Aditya,9350000,,2768587308,661,2022,69214683.0
Bob The Train  Nursery Rhymes & Cartoons for Kids,5720000,People & Blogs,2758690607,1080,2015,68967265.0
Bollywood Chronicle,3150000,Entertainment,2757800502,25451,2017,68945013.0
Aamchi Mumbai,4040000,People & Blogs,2747907730,1120,2015,68697693.0
Utkarsh Classes,12200000,Education,2740462432,10160,2012,68511561.0
Oye Indori  Ab Hasega India,7790000,Entertainment,2736849717,252,2017,68421243.0
bhura_turkish_755,5810000,Music,2731740721,746,2019,68293518.0
Bollywood Spy,6020000,Entertainment,2725271325,73372,2016,68131783.0
Goldmines Cineplex,23400000,Film & Animation,2720407426,3702,2015,68010186.0
Canal IN,16100000,People & Blogs,2718555462,722,2017,67963887.0
Oru Al Mallu Family,2930000,People & Blogs,2717540800,851,2021,67938520.0
Bharat Tak,6310000,People & Blogs,2716112608,30646,2017,67902815.0
Zoya Sheikh,9520000,People & Blogs,2714324643,456,2018,67858116.0
Hindi stories,8880000,Education,2711017118,360,2011,67775428.0
Telly Reporter,4400000,Entertainment,2698399132,44537,2016,67459978.0
Supertone Digital,9870000,Music,2693985781,1922,2013,67349645.0
Mukul Sona MS,4780000,Entertainment,2683518000,899,2017,67087950.0
White Hill Dhaakad,6040000,Music,2682987917,1475,2019,67074698.0
Anand Mandal Shorts,6810000,,2680810484,726,2021,67020262.0
Jahaann,4480000,Entertainment,2677534541,715,2017,66938364.0
Professor Of How,9670000,Film & Animation,2669155428,206,2017,66728886.0
Murliwale Hausla,8790000,,2661513201,696,2019,66537830.0
Home Bollywud,6160000,Entertainment,2654274854,7404,2018,66356871.0
Tonde Gamer,11200000,Gaming,2653099872,2408,2019,66327497.0
SHAIKH KHUSHI,4450000,,2648762304,5193,2016,66219058.0
Wamindia Movies,11500000,Film & Animation,2647746900,589,2012,66193672.0
Saregama Bengali,6530000,Music,2646048610,7387,2011,66151215.0
Shahid paneer,6390000,Comedy,2644410549,495,2022,66110264.0
Kids Planet,4620000,Education,2643250259,539,2014,66081256.0
The Formal Edit,5290000,Howto & Style,2638797832,862,2017,65969946.0
Pavan Ramya,3000000,People & Blogs,2636376068,436,2020,65909402.0
Jagriti Pahwa,4540000,Comedy,2636090364,400,2012,65902259.0
Vivekanand Tiwari The Traffic cop,5950000,Education,2622035472,882,2021,65550887.0
Headlines India,8090000,News & Politics,2618988557,12153,2016,65474714.0
Miss Matured,3240000,,2608679623,522,2021,65216991.0
Rimorav Vlogs,6740000,Entertainment,2607524999,517,2017,65188125.0
Golden unique boy,7230000,Entertainment,2602036691,588,2016,65050917.0
Sakshi TV,3310000,News & Politics,2591985846,210952,2014,64799646.0
Viralbollywood,5650000,Entertainment,2591490626,35320,2014,64787266.0
Aaj Tak HD,6580000,News & Politics,2589759147,88078,2018,64743979.0
Aditya Music Telugu,5480000,Music,2588228754,2538,2014,64705719.0
RCM Bhojpuri Hit,9190000,Film & Animation,2567969856,9826,2016,64199246.0
Bhakti Dhara,10000000,Music,2565442585,5656,2011,64136065.0
Sanam,11000000,Music,2549036492,148,2012,63725912.0
Star Studios,6110000,Entertainment,2544028166,931,2014,63600704.0
FirstCry TV,108000,,2543789818,2780,2019,63594745.0
Studio Saraswati Official,7440000,Music,2538742055,2122,2014,63468551.0
Shruti Arjun Anand,10200000,Howto & Style,2534379059,856,2010,63359476.0
Anandi Official,1870000,Entertainment,2525040409,5938,2022,63126010.0
ABC  All Babies Channel,5850000,Education,2524900631,1048,2014,63122516.0
TeAm STARS,5400000,Entertainment,2518344416,469,2020,62958610.0
Pulkit shukla TD,7590000,People & Blogs,2507330913,689,2015,62683273.0
MrMiko 2.0,6420000,People & Blogs,2506637859,175,2022,62665946.0
Star Sports,6540000,Sports,2488109530,16776,2006,62202738.0
Star Suvarna,2250000,Entertainment,2488080966,54993,2006,62202024.0
Meeth _Miri,3020000,Comedy,2487491316,989,2009,62187283.0
Rajshri Marathi,4630000,Music,2483072037,19089,2009,62076801.0
Shemaroo Gujarati,5120000,Entertainment,2481953946,7446,2009,62048849.0
Cadbury 5 Star India,408000,Entertainment,2474977834,227,2011,61874446.0
Mango Music,7420000,Music,2470892835,6914,2006,61772321.0
iDream Media,4870000,Entertainment,2470808346,73348,2013,61770209.0
RKworld,3820000,Comedy,2470591604,351,2020,61764790.0
Bollywood Premium,9020000,Entertainment,2469713155,801,2020,61742829.0
Rojukoka Kadha,3930000,,2468574388,473,2014,61714360.0
Toy Stars,6950000,People & Blogs,2466744873,437,2017,61668622.0
Magnet Brains,10600000,,2459313834,44128,2016,61482846.0
JioCinema,4850000,Sports,2449873877,7470,2016,61246847.0
VK News,5890000,News & Politics,2447592279,38296,2016,61189807.0
"Animal Aid Unlimited, India",7430000,,2444795557,456,2008,61119889.0
Cartoon Network India,3550000,Film & Animation,2442362183,2186,2009,61059055.0
Sid Akki,3630000,Entertainment,2434112239,564,2016,60852806.0
Trakin Tech,13800000,Science & Technology,2433613913,3748,2011,60840348.0
bharatzkitchen HINDI,12700000,Howto & Style,2431824939,758,2016,60795623.0
Ankit Porwal,3170000,Education,2430578112,1707,2011,60764453.0
Sony YAY!,5190000,Entertainment,2423735672,1325,2016,60593392.0
NDJ MUSIC,6660000,Entertainment,2422095922,7729,2014,60552398.0
Dainik Jagran,6180000,News & Politics,2420273608,53238,2014,60506840.0
Angel Bengali Songs,3840000,Music,2411836289,7558,2006,60295907.0
Struggle Jeet,1980000,Sports,2408227212,5062,2020,60205680.0
Wanderers Hub,8020000,People & Blogs,2405928186,344,2016,60148205.0
Mirza fact,8420000,,2405599475,937,2021,60139987.0
API Malayalam Movies,4040000,People & Blogs,2404002372,12708,2011,60100059.0
Yashi Films,7160000,Music,2395583966,1867,2018,59889599.0
Rajat shorts !!,6910000,Entertainment,2394696390,628,2017,59867410.0
DLS News,19700000,News & Politics,2392377050,5071,2017,59809426.0
Sandeep Maheshwari,28100000,People & Blogs,2389423263,626,2012,59735582.0
Ashish Bisht,3200000,Entertainment,2380294975,930,2009,59507374.0
Gadgets Cool Home,5220000,,2378292703,3960,2021,59457318.0
Cook With Parul,8620000,Howto & Style,2375324383,2107,2017,59383110.0
Multi DO Hindi,5480000,,2371641090,444,2020,59291027.0
TOY FACTORY,5720000,Education,2359384341,697,2014,58984609.0
Filipino Fairy Tales,5180000,Film & Animation,2351004793,639,2016,58775120.0
Gyan Gamingã¤,14800000,Gaming,2343519032,3373,2017,58587976.0
Desi Records,6520000,Music,2338748089,24,2016,58468702.0
Tiya & Advik Chathamkulam NimishaRajeesh Vlogs,2860000,People & Blogs,2338409943,1362,2018,58460249.0
vivek_veena,2380000,Entertainment,2338270105,1123,2017,58456753.0
Live Insaan,11000000,Gaming,2335413308,453,2017,58385333.0
Pramod Premi Entertainment,5200000,,2331565260,235,2018,58289131.0
Loku,2770000,Music,2305740614,1913,2016,57643515.0
FactTechz,17600000,Entertainment,2304643469,755,2016,57616087.0
Studio Sangeeta,6200000,Comedy,2304038917,4198,2013,57600973.0
Khandesh Fun,7580000,Comedy,2296255669,232,2016,57406392.0
Harika Panda,1650000,Entertainment,2293431212,1947,2016,57335780.0
Viral Bhayani,5650000,Entertainment,2292443583,17840,2007,57311090.0
Shani Vishwakarma,5880000,People & Blogs,2289425213,452,2022,57235630.0
Instant Bollywood,2840000,Entertainment,2288677675,7036,2020,57216942.0
Roshanjamhir5star,5180000,Entertainment,2282467308,800,2021,57061683.0
JK YADAV FILMS,3830000,,2281116585,6834,2017,57027915.0
Ark,6230000,,2279490407,407,2022,56987260.0
Samar Singh Official,5780000,,2268574825,415,2018,56714371.0
Agnit Shorts,4430000,Entertainment,2268498310,176,2022,56712458.0
Big Animation,5350000,Film & Animation,2266737349,648,2009,56668434.0
Behindwoods Air,5170000,News & Politics,2266257277,54303,2018,56656432.0
Allari Aarathi,3840000,Entertainment,2261905196,441,2020,56547630.0
World Affairs by Unacademy,3610000,,2251664365,3732,2020,56291609.0
TWO SIDE GAMERS,12300000,Music,2250220067,2060,2018,56255502.0
BIG Magic,4290000,Entertainment,2245024270,14448,2013,56125607.0
English Connection,13000000,Education,2244464918,1313,2015,56111623.0
Amazing Facts,2550000,,2242814909,12629,2021,56070373.0
Desi Gamers,14100000,Gaming,2234381736,1372,2015,55859543.0
Republic World,5820000,People & Blogs,2231603216,104812,2017,55790080.0
Physics Wallah  Alakh Pandey,11300000,Education,2231417738,1524,2014,55785443.0
DBeatsMusicWorld,3950000,Entertainment,2231183267,1128,2013,55779582.0
Neha Kakkar,14300000,Music,2229838693,160,2012,55745967.0
NITIN FREE FIRE,13000000,Gaming,2226794126,808,2019,55669853.0
SPEED RECORDS BHOJPURI,6390000,Music,2223392195,2903,2018,55584805.0
Lidiya Francis,2830000,People & Blogs,2218147893,1355,2020,55453697.0
Aryan Black,6400000,People & Blogs,2216561373,510,2022,55414034.0
Raksha ki Rasoi,7830000,People & Blogs,2213555367,2370,2018,55338884.0
Badshah,7230000,Music,2208835022,172,2014,55220876.0
Make Joke Of,12400000,Comedy,2208497093,65,2017,55212427.0
Jhankar Music,4510000,Entertainment,2204749398,4852,2010,55118735.0
Cinekorn Movies,8520000,Film & Animation,2204439280,630,2011,55110982.0
Live Cities Media Private Limited,5580000,News & Politics,2203216481,74036,2016,55080412.0
Aam Aadmi Party,5000000,News & Politics,2195461408,9334,2011,54886535.0
Fully Faltoo,3650000,Entertainment,2194126208,10799,2007,54853155.0
RKR vines,8640000,Entertainment,2190699140,510,2017,54767478.0
Harsha Sai  For You Hindi,12100000,Entertainment,2189538200,95,2021,54738455.0
Sambhavna Seth Entertainment,3540000,Entertainment,2181995452,1787,2014,54549886.0
Khan GS Research Centre,21900000,Education,2178848968,362,2019,54471224.0
Dream Stories TV,6920000,Film & Animation,2173717825,283,2017,54342946.0
Akhil Nrd,3240000,People & Blogs,2160520875,1645,2015,54013022.0
Ultra Cinema,7200000,Entertainment,2158096787,3316,2013,53952420.0
Farmees Portuguas,5800000,People & Blogs,2155409079,1223,2016,53885227.0
Saawariya,5010000,Music,2155327858,4002,2014,53883196.0
Achyutha saddikuti,3060000,People & Blogs,2154955475,515,2022,53873887.0
Hansraj Raghuwanshi,11300000,Music,2151909171,101,2016,53797729.0
Vishwamitra Kingrani,8370000,Entertainment,2151769552,770,2020,53794239.0
NewsGlitz Tamil,4780000,News & Politics,2150272061,21032,2014,53756802.0
The World Adventures à¤¹à¤¿à¤¨à¥à¤¦à¥,13300000,People & Blogs,2143339319,1081,2016,53583483.0
Hindi Countdown,10200000,Education,2142571887,411,2016,53564297.0
DB Live,4140000,News & Politics,2141223968,63202,2016,53530599.0
Cinema Vikatan,4320000,Entertainment,2138596158,9608,2010,53464904.0
FOODY VISHAL,3400000,People & Blogs,2131115011,1116,2016,53277875.0
Goldmines Premiere,14100000,Entertainment,2127216044,1127,2013,53180401.0
Sagar's Kitchen,7210000,Howto & Style,2126299498,490,2021,53157487.0
Amar Ujala,5730000,News & Politics,2122487814,75876,2011,53062195.0
Movies Insight Hindi,5520000,Entertainment,2120459487,1297,2020,53011487.0
RDC Rajasthani HD,5650000,Music,2111734422,6000,2014,52793361.0
Mythri Movie Makers,4180000,Entertainment,2109605341,1481,2015,52740134.0
Sun NXT,4630000,Entertainment,2106791742,6436,2017,52669794.0
Natkhat TV Hindi Tales & Rhymes,5570000,Film & Animation,2092345056,701,2016,52308626.0
Mintuaa,2190000,,2092314512,1140,2014,52307863.0
Shemaroo Bhakti Darshan,5310000,Entertainment,2085003933,6782,2011,52125098.0
Rang TV,2130000,Entertainment,2084455064,25045,2016,52111377.0
Kalinga TV,3020000,News & Politics,2081993081,196607,2015,52049827.0
Slayy Point,8150000,Entertainment,2080627934,165,2016,52015698.0
OnePlus India,4620000,Science & Technology,2078517644,637,2016,51962941.0
Saam TV News,3300000,News & Politics,2076982346,145244,2009,51924559.0
Filmistaan,7900000,Film & Animation,2075680980,135,2016,51892024.0
Mohak Narang,4540000,Education,2069142375,387,2016,51728559.0
News18 UP Uttarakhand,5480000,News & Politics,2066289570,136139,2010,51657239.0
Vision Time Tamil,3200000,Shows,2058492553,11639,2013,51462314.0
SoSorry,5260000,Comedy,2055139762,1244,2013,51378494.0
Wake'N'Bite,4440000,,2054996185,1294,2017,51374905.0
Mana Stars,2660000,Entertainment,2053847235,23398,2018,51346181.0
Behindwoods O2,2780000,Film & Animation,2052371814,9236,2021,51309295.0
Micky Makeover,2930000,Comedy,2049987227,916,2016,51249681.0
Knowledge Tv,13300000,People & Blogs,2049431544,3331,2014,51235789.0
L I S A creation,4110000,,2042578163,800,2019,51064454.0
Dhruv Rathee,13600000,Entertainment,2040222454,581,2013,51005561.0
TechBurner Shorts,5300000,Science & Technology,2035987504,418,2021,50899688.0
mr_shadab _72,4280000,Education,2034413326,779,2019,50860333.0
B4U Bhojpuri,4800000,Film & Animation,2029820495,1561,2017,50745512.0
Harshit Dongre,7990000,Gaming,2024480783,273,2018,50612020.0
Colgate India,1180000,People & Blogs,2020508395,1333,2012,50512710.0
TARANG MUSIC,5390000,Music,2017770315,4288,2012,50444258.0
Behindwoods Max,1560000,Film & Animation,2017017869,23263,2019,50425447.0
BeastBoyShub,6120000,Gaming,2008620629,1428,2015,50215516.0
Prashant Sharma Entertainment,9790000,People & Blogs,2005122970,515,2016,50128074.0
FilmiBeat,4970000,Entertainment,2004821880,76609,2015,50120547.0
Shemaroo Movie in Parts,5540000,Entertainment,2004150122,7214,2014,50103753.0
Lena Slime,6410000,People & Blogs,1999960032,1244,2018,49999001.0
Colors Tamil,3450000,Entertainment,1994011256,39511,2018,49850281.0
KSHITIJ DHOLAKIA,4660000,People & Blogs,1991471655,646,2016,49786791.0
Ekta Sound,4730000,Music,1988335842,2010,2014,49708396.0
Star Music India,3070000,Music,1985369727,972,2013,49634243.0
Kiddiestv Bangla,4980000,Education,1983723716,143,2017,49593093.0
Adventures of Kicko & Super Speedo,4760000,,1977569320,387,2019,49439233.0
Fact Danish,6560000,,1974629706,744,2021,49365743.0
Acharya Prashant,20800000,,1971143984,8808,2014,49278600.0
G M Dance Centre,5790000,Entertainment,1969517914,253,2015,49237948.0
Iconic fun,2790000,,1966833181,2756,2020,49170830.0
Riddhi Music World.,5090000,Music,1965891679,270,2018,49147292.0
Crown Records,5540000,Music,1962907131,231,2015,49072678.0
Gulzaar Chhaniwala,8230000,Music,1960204687,89,2018,49005117.0
Asian Paints,1140000,Howto & Style,1958459421,1921,2011,48961486.0
Pihoozz,3990000,,1956302395,435,2019,48907560.0
LOKMAT,2780000,News & Politics,1954166360,33822,2011,48854159.0
Bhajan Kirtan,6320000,People & Blogs,1952787620,5242,2016,48819690.0
SPNEWS,4930000,News & Politics,1952725970,90282,2017,48818149.0
Amazon miniTV,1340000,Entertainment,1951340943,5726,2021,48783524.0
Arun Karthick,3600000,Entertainment,1950043394,814,2020,48751085.0
Zeeshan Pasha,6900000,People & Blogs,1945998390,799,2021,48649960.0
Chellame Chellam,3380000,Education,1937988928,626,2012,48449723.0
Bhakti Sagar AR Entertainments,5130000,People & Blogs,1934451709,3175,2015,48361293.0
Filmy Hunt,1870000,Music,1933463860,4300,2022,48336596.0
Manoj Saru,7710000,People & Blogs,1930792686,285,2018,48269817.0
bhukkad dilli ke,1830000,People & Blogs,1925885985,806,2014,48147150.0
Funyaasi,3680000,Entertainment,1925565766,375,2021,48139144.0
Wildlife Adventure,5940000,,1924785672,382,2020,48119642.0
Rithvin20,1600000,People & Blogs,1920390632,988,2022,48009766.0
asheeya,1370000,Entertainment,1917809587,1295,2019,47945240.0
The Prince Yadav,4780000,Entertainment,1916856784,130,2017,47921420.0
Neetesh Praliya,4170000,Entertainment,1914853063,222,2016,47871327.0
Charan Spy,2860000,Entertainment,1912953386,649,2017,47823835.0
Everest Marathi,3690000,Entertainment,1908281685,1474,2012,47707042.0
Hetal's Art,7480000,Howto & Style,1904792579,3184,2011,47619814.0
24 News,4580000,Entertainment,1901216477,165311,2015,47530412.0
Rupa sah,6510000,People & Blogs,1900262244,1379,2020,47506556.0
Rengoni TV,2770000,,1893118529,16316,2013,47327963.0
Ram Audio,4500000,Comedy,1892434579,2645,2011,47310864.0
LIV Music,4340000,,1890016268,3570,2020,47250407.0
BIHARIWOOD,5180000,,1889855192,8226,2015,47246380.0
Cute Life Shorts,4740000,,1889612363,547,2021,47240309.0
diyafavas_official,3490000,People & Blogs,1884857621,506,2016,47121441.0
Behindwoods Ice,2510000,Entertainment,1879398447,12625,2019,46984961.0
Saran,3600000,People & Blogs,1877359753,1186,2022,46933994.0
cravingsandcalories vlogs,2590000,Education,1875853566,834,2017,46896339.0
Garima's Good Life,4300000,People & Blogs,1875290628,952,2018,46882266.0
News24 Sports,3150000,People & Blogs,1873155215,22552,2019,46828880.0
Manish Jodhpuri,4280000,Entertainment,1872266564,411,2018,46806664.0
Ujjal Dance Group,7740000,Entertainment,1870739770,178,2014,46768494.0
Tech Burner,11100000,Science & Technology,1868000227,1193,2014,46700006.0
YOYO TV Channel,3560000,News & Politics,1863193299,123482,2016,46579832.0
ADWISE MEDIA ACTION MOVIEPLEX,10900000,Entertainment,1862313152,396,2014,46557829.0
BR Chopra & Other TV Serials,5140000,Entertainment,1859925718,1913,2018,46498143.0
Masti Tv  Hindi Stories,7060000,Entertainment,1857877016,363,2019,46446925.0
NiharikaMovies,3590000,Entertainment,1850488707,40903,2014,46262218.0
Harpreet SDC Shorts,2700000,People & Blogs,1849295809,1376,2021,46232395.0
IBC24,4670000,News & Politics,1843203194,194478,2015,46080080.0
Pravallika_Richh akka,2760000,Comedy,1842944534,536,2018,46073613.0
Harsh Beniwal,15600000,Comedy,1841400546,166,2015,46035014.0
JP Choudhary,3970000,People & Blogs,1839641149,808,2016,45991029.0
Nitesh Comedian143,3910000,Comedy,1839405831,285,2021,45985146.0
Upboyraj Comedy,3500000,Comedy,1838877769,371,2018,45971944.0
RAJA RUBI,2380000,Entertainment,1837236827,793,2016,45930921.0
Jugnu Kids  Bangla Nursery Rhymes & Baby Songs,4260000,People & Blogs,1835226693,443,2017,45880667.0
PS TAMIL SONG,3190000,Film & Animation,1834742467,4087,2015,45868562.0
Shorts With Raaz,6320000,,1833560184,1033,2022,45839005.0
khari pooja,4490000,People & Blogs,1832988381,369,2022,45824710.0
Mumbai Tak,3030000,News & Politics,1832319278,49231,2017,45807982.0
Incredible Alien,3290000,Entertainment,1829633531,840,2020,45740838.0
SanskarTV,9090000,,1823013994,15216,2013,45575350.0
popi kitchen with village food,5150000,,1821873055,1031,2018,45546826.0
Malik Vlogs,4250000,People & Blogs,1820708495,1211,2020,45517712.0
Lokmat Filmy,2000000,Entertainment,1818287662,13973,2016,45457192.0
Dr. Vivek Bindra: Motivational Speaker,21300000,Education,1818275909,1037,2013,45456898.0
Premium Digiplex Movies,8140000,Film & Animation,1817718315,244,2015,45442958.0
Telly Bytes  Tele News India,4190000,Entertainment,1817007086,16123,2012,45425177.0
D Jackson,5150000,Entertainment,1814973540,687,2020,45374338.0
Spiritual Mantra,9140000,Music,1814702085,1738,2010,45367552.0
Mirchi Murga,6040000,Comedy,1813365188,1445,2014,45334130.0
Filmylooks,2120000,Entertainment,1811080085,27230,2016,45277002.0
Free Fire India Official,12900000,People & Blogs,1810768093,1578,2018,45269202.0
Earth 24,2710000,,1809732408,3577,2018,45243310.0
Aeon Pix Studios,7160000,Film & Animation,1807246813,1156,2013,45181170.0
News7 Tamil,5100000,News & Politics,1804489055,137044,2014,45112226.0
Brut India,2800000,News & Politics,1803379151,3514,2019,45084479.0
Learn with Jaspal,3570000,,1802237739,344,2021,45055943.0
Juned Fitness,3460000,Entertainment,1801898869,1351,2014,45047472.0
Movie Scenes  Angel Digital,3140000,Film & Animation,1799512994,8152,2016,44987825.0
Bollywood Hits,5160000,People & Blogs,1795561664,536,2021,44889042.0
CAPITAL TV,3710000,,1795531702,19689,2019,44888293.0
Pragati Verma,6290000,Entertainment,1790552700,220,2018,44763818.0
SRS Media Vision | Kannada Full Movies,3810000,Movies,1785439468,1167,2014,44635987.0
Crazy Cherryboy,2730000,Comedy,1780533769,565,2019,44513344.0
TV9 Bangla,2440000,News & Politics,1778440329,74126,2020,44461008.0
Planet Earth INDIA,11900000,People & Blogs,1777877949,677,2011,44446949.0
Marunadan Malayali,2160000,News & Politics,1777742811,20309,2018,44443570.0
NS Experiment,4030000,Entertainment,1776778783,795,2019,44419470.0
Mahi Lakra Vlogs,4500000,,1775692145,543,2021,44392304.0
Eagle Home Entertainments,10700000,Entertainment,1775546477,9494,2015,44388662.0
Swami Ramdev,10100000,,1775121958,7864,2010,44378049.0
Bhojpuri Movies,9820000,Movies,1772207301,355,2016,44305183.0
News18 Tamil Nadu,3830000,News & Politics,1768221123,162813,2016,44205528.0
Madan Gowri,7100000,Entertainment,1764739650,2430,2013,44118491.0
Anaysa Shorts,3890000,Entertainment,1760902593,837,2020,44022565.0
Street Dog Pluto,5370000,Entertainment,1760268430,772,2021,44006711.0
RajatBornstar,2210000,Comedy,1759217397,1219,2020,43980435.0
Examà¤ªà¥à¤°,11100000,Education,1758881581,65510,2016,43972040.0
News18 Rajasthan,5100000,News & Politics,1758578645,135800,2011,43964466.0
Hindi Kahaniya Funny Comedy Stories,5330000,Entertainment,1758013273,429,2017,43950332.0
MostTechy Shorts,3330000,People & Blogs,1756026326,439,2019,43900658.0
VATS RECORDS,4270000,Music,1755814753,152,2019,43895369.0
TIMES NOW,3790000,News & Politics,1755498165,93289,2008,43887454.0
Meshwa Films,4680000,Music,1752837393,1310,2017,43820935.0
Indu's Kitchen,2390000,People & Blogs,1752384118,1326,2021,43809603.0
BANG Music,4940000,Music,1751719255,87,2019,43792981.0
Kapil Sharma,8670000,Entertainment,1745572721,280,2017,43639318.0
Always Arya,3000000,Entertainment,1741399518,866,2017,43534988.0
Lotus Music,14500000,,1739129375,515,2021,43478234.0
Wanderers Hub Shorts,3560000,Entertainment,1738231229,749,2021,43455781.0
Sharma Sisters,3050000,People & Blogs,1738206592,567,2019,43455165.0
Bhajan India,8680000,Music,1735789720,4163,2014,43394743.0
Mini Foodkey,3340000,Howto & Style,1732358867,113,2017,43308972.0
News18 Kannada,3040000,News & Politics,1724858559,125792,2017,43121464.0
Hmm!,2420000,Travel & Events,1721419375,1581,2012,43035484.0
Jigar Studio,3910000,Music,1716396471,850,2012,42909912.0
NRFMVLOGS,3380000,Entertainment,1715532514,789,2021,42888313.0
Wow Kidz Indonesia,3420000,Film & Animation,1713039119,2035,2017,42825978.0
Junglee Music Telugu,4210000,Entertainment,1711754730,2310,2012,42793868.0
Science and fun,5720000,Science & Technology,1710746826,467,2013,42768671.0
Bala Kirthi,2660000,People & Blogs,1708251959,483,2012,42706299.0
LOKESH GAMER,15500000,Gaming,1695623459,1506,2017,42390586.0
Ssoftoons Animation,5460000,Film & Animation,1695000960,366,2015,42375024.0
Rajlaxmi,5150000,Music,1691258268,102,2017,42281457.0
Mankirat Aulakh,4940000,Music,1690372106,233,2015,42259303.0
journalist sai,783000,News & Politics,1687456731,87452,2016,42186418.0
Mampi. Rahul,2230000,Entertainment,1684286399,1617,2015,42107160.0
Its rahil Khan 05,7290000,Film & Animation,1664837403,744,2018,41620935.0
SWAPNA TV,2920000,,1664586155,347,2018,41614654.0
Wonder Of Stories,4050000,,1664417129,337,2019,41610428.0
TV9 Telugu Digital,1660000,News & Politics,1663769024,54091,2017,41594226.0
Velujazz official,2700000,People & Blogs,1658345526,370,2012,41458638.0
Saregama Karaoke,4610000,Music,1648812984,3432,2008,41220325.0
BiscootTV,2990000,Entertainment,1645827857,32676,2013,41145696.0
Sona Singh,4420000,People & Blogs,1643327131,647,2022,41083178.0
Karikku,9090000,Comedy,1642882548,158,2016,41072064.0
Hombale Films,4510000,Entertainment,1642846577,788,2013,41071164.0
Tips Punjabi,3440000,Music,1640042756,891,2015,41001069.0
Swad official,2250000,People & Blogs,1638871348,1541,2018,40971784.0
Sijosh N Riya,1630000,Entertainment,1636025842,281,2019,40900646.0
Next9TvNews à¤¸à¥à¤°à¤¿à¤¯à¤² à¤à¤ªà¤¡à¥à¤,2800000,Entertainment,1634245705,113236,2017,40856143.0
Royal Music Factory,3570000,Music,1629666319,1539,2018,40741658.0
Jeet Patil,7140000,People & Blogs,1623836960,392,2021,40595924.0
One Media Entertainments,2570000,Entertainment,1620067143,907,2017,40501679.0
Thugesh Shorts,3150000,Entertainment,1617974268,381,2021,40449357.0
Wave Music Dhamaka,4060000,Music,1615227792,4731,2018,40380695.0
Filmi Indian,3970000,Entertainment,1613891907,1346,2018,40347298.0
mastkalandr,3490000,People & Blogs,1613873823,1952,2008,40346846.0
Masala Kitchen,6770000,Howto & Style,1612905928,1633,2016,40322648.0
Tips  Jhankar Gaane,4790000,Entertainment,1612310571,715,2013,40307764.0
RadaanMedia,1650000,Entertainment,1610245144,11846,2012,40256129.0
Harish hatricks,2950000,People & Blogs,1607889103,528,2015,40197228.0
online news india,5170000,News & Politics,1607616740,6911,2018,40190418.0
Zee Sarthak,2630000,Entertainment,1605584288,29015,2011,40139607.0
Odisha Reporter,1630000,News & Politics,1605243395,81297,2015,40131085.0
SS Right Information World & Suraj Sharma,6900000,,1604567996,652,2020,40114200.0
Mumbiker Nikhil,4060000,People & Blogs,1601879347,2344,2013,40046984.0
Rangoli colors and designs by Keerthi,3740000,Howto & Style,1599961744,1083,2018,39999044.0
Shemaroo Punjabi,4260000,Music,1598023546,3172,2009,39950589.0
Zee Studios,3250000,Film & Animation,1596453453,895,2015,39911336.0
Wow Kidz Bangla,3090000,Entertainment,1596025853,672,2019,39900646.0
Vivekjadoo Deepika,1940000,Entertainment,1594568992,991,2020,39864225.0
Zee Keralam,2320000,Entertainment,1594499374,27745,2018,39862484.0
Facts Digger Official,3710000,,1591257089,227,2021,39781427.0
CWE India,4510000,Entertainment,1586826429,6523,2015,39670661.0
GupShupp,2390000,Entertainment,1583693684,433,2022,39592342.0
Neelkamal Singh Official,4730000,,1582802885,133,2017,39570072.0
Veg Village Food,5780000,Howto & Style,1582531758,488,2014,39563294.0
CarryisLive,12000000,Gaming,1578695522,1005,2017,39467388.0
Sanjay Dey,1180000,Entertainment,1577521241,4186,2022,39438031.0
GMJ  Global Music Junction  Bhojpuri,5450000,Music,1575894167,488,2017,39397354.0
Malik Fitness Vlog,3150000,,1575709132,2802,2021,39392728.0
Suyash Fashion,2050000,Howto & Style,1574406999,745,2016,39360175.0
MostlySane,7090000,Comedy,1573667494,1300,2015,39341687.0
SuperHit Gaane,3990000,Music,1569509974,2242,2021,39237749.0
Hakson Pro Gaming,8350000,Gaming,1569397818,984,2017,39234945.0
THE ROTT,2890000,Pets & Animals,1568411946,398,2019,39210299.0
King,6250000,Music,1566759821,135,2012,39168996.0
Mahaa News,1780000,News & Politics,1565653138,216143,2014,39141328.0
Yippi Gaming,4790000,Gaming,1562779062,931,2020,39069477.0
Satyajeet Jena Official,9270000,Music,1561916346,153,2014,39047909.0
Gunjan Singh Entertainment,3730000,,1559248036,238,2018,38981201.0
Sadhguru,11600000,Howto & Style,1556382003,3156,2007,38909550.0
HyperXAbhyuday,1030000,Gaming,1554387468,1379,2020,38859687.0
The Quint,3750000,Entertainment,1552946138,37055,2014,38823653.0
Sach Talks,7600000,,1552395255,2237,2018,38809881.0
Comedy Captain,12500000,Comedy,1550290790,3056,2016,38757270.0
Bharatiya Janata Party,5020000,News & Politics,1548421836,37350,2010,38710546.0
Chill Pannu Maapi,3480000,Entertainment,1544802618,756,2020,38620065.0
B4U Movies,6160000,Film & Animation,1542744439,765,2011,38568611.0
Coke Studio India,5560000,Entertainment,1538301265,680,2011,38457532.0
Yashi Music,5050000,Music,1535290523,3301,2017,38382263.0
Boldsky,5610000,Howto & Style,1535066015,45664,2015,38376650.0
Classic Mini Food,2450000,Howto & Style,1533327811,840,2020,38333195.0
SR Brothers,6030000,Entertainment,1532514763,55,2018,38312869.0
Ultra Marathi,3590000,Entertainment,1532024552,8461,2009,38300614.0
ROCK INDIAN GAMER,2580000,,1530319235,1953,2018,38257981.0
Riddhi thalassemia major girl,3910000,Entertainment,1529597144,599,2017,38239929.0
Oolfat,2240000,Comedy,1528028973,237,2013,38200724.0
DIL Music,4400000,Music,1527744694,79,2011,38193617.0
Sri Ganesh Videos,3120000,Entertainment,1524216765,1633,2013,38105419.0
AR Entertainments Movies,2770000,Entertainment,1521942029,5496,2014,38048551.0
Facts Dastan,4300000,,1521776951,517,2021,38044424.0
Majedar Kahaniya,5390000,Entertainment,1518233370,282,2017,37955834.0
Ganesh Videos,3760000,Film & Animation,1517199102,10610,2014,37929978.0
Ajay Chauhan,3570000,Entertainment,1517181266,512,2015,37929532.0
Kahani Har Ghar Ki,3210000,,1511127093,1570,2018,37778177.0
YesSmartyPie,5760000,Gaming,1510816791,884,2018,37770420.0
Hindustan Gamer,4030000,Gaming,1509807559,729,2015,37745189.0
SEPL VIDEO,4720000,Film & Animation,1508087715,11751,2012,37702193.0
Mr & Mrs Choudhary,4710000,People & Blogs,1507411224,1199,2013,37685281.0
The Viral Fever,12000000,Entertainment,1504637730,526,2011,37615943.0
Lehren Retro,3220000,Entertainment,1503141585,5498,2011,37578540.0
Mani Meraj Vines,8190000,,1502488635,50,2018,37562216.0
MadhurasRecipe Marathi,7180000,Howto & Style,1501794104,1537,2016,37544853.0
ANI News,3700000,News & Politics,1498877127,133172,2015,37471928.0
Shemaroo Kannada,3940000,Entertainment,1498834501,5335,2011,37470863.0
Onespot Gaming,3470000,Gaming,1497906895,2300,2016,37447672.0
Hairstyle Tutorial,1330000,Education,1496319128,1540,2020,37407978.0
Resty kamboj,1580000,Entertainment,1491985663,819,2014,37299642.0
Rkholic teena,3770000,People & Blogs,1489601415,375,2022,37240035.0
API Tamil Songs,2270000,Entertainment,1489236567,1791,2012,37230914.0
IMR Films,3340000,Entertainment,1488293936,1361,2014,37207348.0
Sarkari Foodie,1480000,People & Blogs,1485925443,387,2022,37148136.0
Vismai Food,3810000,Howto & Style,1482075727,1596,2016,37051893.0
Filmy Crazy,3470000,Entertainment,1481408095,5284,2018,37035202.0
Galatta Pink,1710000,Entertainment,1480799242,20241,2021,37019981.0
Danish5star,2960000,People & Blogs,1480750410,700,2019,37018760.0
Kannada Super Scenes,2580000,People & Blogs,1479787644,7841,2015,36994691.0
Sanjeev Kapoor Khazana,7370000,Howto & Style,1478655587,14162,2009,36966390.0
ALBUM CREATIONS,3070000,Entertainment,1478290291,569,2017,36957257.0
Pebbles live,4800000,Education,1477118162,5263,2013,36927954.0
News18 Odia,2560000,News & Politics,1472051534,190520,2015,36801288.0
BR Bhai,3490000,Entertainment,1471032326,1147,2016,36775808.0
Spice ASMR,3750000,Entertainment,1468012097,448,2017,36700302.0
shravani's kitchen,4060000,Howto & Style,1466902043,1407,2016,36672551.0
UnGraduate Gamer,8100000,Gaming,1461411794,1990,2018,36535295.0
Dear Sir,16600000,Education,1460022376,678,2016,36500559.0
satyamvideos,1990000,Music,1459660074,1833,2013,36491502.0
Jagriti Vishali Shorts,2010000,Entertainment,1457142986,568,2020,36428575.0
SGV Digital  Kannada Full Movies,3880000,Entertainment,1453363899,1597,2015,36334097.0
Naveen Ricky,2180000,People & Blogs,1452111127,728,2020,36302778.0
chatpat toy tv,5630000,,1447581743,1432,2019,36189544.0
DRJ Records Movies,9570000,Film & Animation,1446223736,1038,2015,36155593.0
MX Player,3730000,Entertainment,1446188314,918,2011,36154708.0
Sidharth Music,3440000,Entertainment,1444126784,2216,2016,36103170.0
HooplaKidz TV  Funny Cartoons For Kids,3800000,Education,1440206024,1111,2012,36005151.0
Pocket Films,3750000,Film & Animation,1430088105,2505,2009,35752203.0
Maahi Queen,4490000,Entertainment,1428778649,198,2016,35719466.0
Prasadtechintelugu,4250000,Science & Technology,1428205264,4086,2015,35705132.0
Shree Jee  Bhakti,6530000,Music,1428186695,2681,2016,35704667.0
Flyingmeenaboi,4150000,,1426700580,293,2013,35667514.0
DRJ Records Zest,8650000,Entertainment,1426613215,782,2017,35665330.0
Zee Bihar Jharkhand,4250000,News & Politics,1415394271,50313,2014,35384857.0
Rhythm Boyz,3100000,Music,1413941505,203,2015,35348538.0
TsMadaan,12000000,Howto & Style,1413337704,2088,2008,35333443.0
India Forums,3590000,Entertainment,1410481186,14853,2010,35262030.0
ALTT,4330000,Entertainment,1401957787,4694,2016,35048945.0
Trending Theeviravadhi,4800000,Entertainment,1401407383,341,2020,35035185.0
Desi Version,3950000,Entertainment,1400234979,648,2014,35005874.0
Gotcha! Hindi,3330000,People & Blogs,1399052584,252,2021,34976315.0
AmdavadiMan Ni Duniya,2180000,People & Blogs,1396929996,426,2019,34923250.0
Shruti Shorts,2610000,Comedy,1394136954,467,2018,34853424.0
Bamb Beats,4150000,People & Blogs,1393458718,134,2017,34836468.0
Badge 99,10100000,Gaming,1393054225,729,2016,34826356.0
SIIMA,3270000,People & Blogs,1391848411,6948,2015,34796210.0
Riya Films,4100000,,1390265919,10427,2015,34756648.0
Bollywood pe Charcha,2050000,Entertainment,1389216396,5530,2017,34730410.0
Nakkalites,5190000,Comedy,1388039286,797,2017,34700982.0
Sri Balaji Comedy,2660000,Entertainment,1387799820,4214,2013,34694996.0
Official Deep Kaur Shorts,2380000,People & Blogs,1385120335,1138,2021,34628008.0
manoramaMAX,1860000,Entertainment,1385085257,11035,2019,34627131.0
GoldminesAction,12600000,Film & Animation,1384384953,1128,2015,34609624.0
Indian Farmer,4070000,Howto & Style,1382783727,1858,2018,34569593.0
FACT FIRE KING,14200000,,1382613867,842,2020,34565347.0
Official the jeet,5620000,Entertainment,1382034045,714,2021,34550851.0
Trakin Shorts,2550000,People & Blogs,1377710676,776,2021,34442767.0
Fukra Insaan,9040000,People & Blogs,1376833442,283,2019,34420836.0
IKRU Entertainments,2150000,Comedy,1376664434,742,2016,34416611.0
SVF Music,3310000,Music,1376060075,2037,2016,34401502.0
Rajshri Soul,3430000,Music,1374863233,1141,2009,34371581.0
Rojgar with Ankit,9880000,,1371205547,17653,2017,34280139.0
Aryan verma studios,4860000,Howto & Style,1369534100,427,2017,34238352.0
Wings Marathi,4560000,Entertainment,1368367087,2277,2010,34209177.0
Video Palace,2670000,Music,1366557951,921,2010,34163949.0
Too Much Facts,2770000,,1365869359,660,2020,34146734.0
COMEDY SONOTEK,4400000,People & Blogs,1363903930,1481,2016,34097598.0
Spread Love  Satheesh Shanmu,1620000,Entertainment,1362531369,957,2020,34063284.0
Sarpmitra Akash Jadhav,5340000,Pets & Animals,1361823533,745,2017,34045588.0
âRespect,2190000,Sports,1358969369,89,2021,33974234.0
DawsenTv  Bengali Stories & Rhymes,3360000,Film & Animation,1357237576,951,2013,33930939.0
Shemaroo Telugu,3070000,Entertainment,1357151455,12529,2009,33928786.0
Tanmay Bhat,4550000,Comedy,1353989207,956,2006,33849730.0
Manorama Music Songs,2560000,Music,1353727995,3362,2013,33843200.0
Nirahua Entertainment,3130000,Entertainment,1351150445,605,2017,33778761.0
VeerParul Official,2990000,Comedy,1350744849,782,2022,33768621.0
Sachet Parampara,4850000,Music,1348754433,386,2011,33718861.0
Pandit Pradeep Ji Mishra Sehore Wale,5970000,People & Blogs,1344100133,4875,2012,33602503.0
Universe Adventure,7690000,Science & Technology,1342127894,537,2016,33553197.0
Yuki Music,5090000,Music,1340423152,4616,2014,33510579.0
Jubin Nautiyal,5970000,Music,1339751253,175,2009,33493781.0
Sheethal And Vinu,1790000,Entertainment,1339293431,614,2021,33482336.0
Music Master | Tamil Songs | Ilayaraja,2450000,Music,1337759309,3705,2016,33443983.0
Jatt Life Studios,2850000,Music,1335362329,108,2018,33384058.0
Bolly Kick,8800000,Film & Animation,1334713355,921,2011,33367834.0
Grandpa Kitchen,9480000,Howto & Style,1332681137,501,2017,33317028.0
Veggie Paaji,3310000,Entertainment,1328381816,1426,2016,33209545.0
Khushbu Style,3130000,Howto & Style,1325440300,1939,2017,33136008.0
Nitin Narware,4470000,Comedy,1325169813,195,2020,33129245.0
Manish saini,4000000,Comedy,1323766113,638,2019,33094153.0
Bihar Tak,3280000,News & Politics,1323610973,30646,2018,33090274.0
aha videoIN,2570000,Entertainment,1321854323,4454,2020,33046358.0
LOL (Life of Limbachiyaaâs),4300000,Entertainment,1318427545,623,2021,32960689.0
Shabad Gurbani,3460000,Music,1315172284,11432,2011,32879307.0
Elvish yadav,14600000,Comedy,1311129311,185,2016,32778233.0
Josh   Hindi Stories Comedy Videos,4000000,Entertainment,1307957778,286,2019,32698944.0
DisneyPlus Hotstar_IN,1660000,Entertainment,1305882316,463,2019,32647058.0
Nova Spiritual India,4550000,Music,1305470330,742,2015,32636758.0
Best In Bollywood,3320000,Entertainment,1305360072,826,2011,32634002.0
sansCARi sumit,1140000,Autos & Vehicles,1303192477,2335,2010,32579812.0
CRUX,2210000,News & Politics,1301110855,14335,2016,32527771.0
Ramsivasa Tamil,1520000,Howto & Style,1300462701,2145,2018,32511568.0
Meditative Mind,5420000,Music,1293943632,1660,2009,32348591.0
Team Kunjippuzhu by Nikhil & Lena,1570000,Comedy,1293501389,713,2019,32337535.0
Action Tadka India,4320000,Film & Animation,1288406141,1596,2014,32210154.0
Indonesian Fairy Tales,3980000,Film & Animation,1287367585,642,2016,32184190.0
TSeries Islamic Music,4510000,Entertainment,1287091133,4810,2014,32177278.0
Fever FM,2140000,Entertainment,1283116983,7350,2013,32077925.0
Vikasverma,2100000,Comedy,1282888662,979,2017,32072217.0
Mai Mohini,2870000,Comedy,1279570794,412,2021,31989270.0
MortaL,7000000,Gaming,1279486355,1919,2013,31987159.0
Akshara Singh,4070000,Music,1278140327,184,2017,31953508.0
Son And Dad,3060000,People & Blogs,1276982152,426,2022,31924554.0
Behindwoods Hits,1330000,Film & Animation,1275994653,24623,2022,31899866.0
Mayur Thakur,5640000,People & Blogs,1275643320,328,2021,31891083.0
Adda247,7630000,Education,1274786688,43386,2016,31869667.0
Rachitroo,5900000,Gaming,1273655811,649,2015,31841395.0
Khushi  Hindi Stories Super Comedy Videos,3990000,Entertainment,1271569477,313,2019,31789237.0
Chintu Toons,2510000,Entertainment,1271223556,97,2019,31780589.0
ATIF FC,3510000,Entertainment,1270787153,366,2019,31769679.0
Drishti IAS,10900000,People & Blogs,1270207694,12650,2017,31755192.0
Sonotek Haryanvi,10000000,Music,1267633376,3648,2015,31690834.0
Assassins ARMY,10100000,Gaming,1265666274,999,2019,31641657.0
Dancefit Live,6070000,Entertainment,1265269177,264,2016,31631729.0
Ultra Action Hits,6440000,Entertainment,1264193214,1034,2016,31604830.0
Peekaboo Kidz,4040000,Education,1263582247,743,2014,31589556.0
NTM Cinemas,4390000,Film & Animation,1263265854,3069,2016,31581646.0
Laksh Dadwani,1370000,People & Blogs,1262732355,945,2020,31568309.0
Village Food Channel,7480000,People & Blogs,1262632025,411,2018,31565801.0
Rehaan Roy,3060000,People & Blogs,1261353949,360,2011,31533849.0
Swara Singh,4250000,People & Blogs,1258361791,306,2020,31459045.0
Chu Chu Ke Funs,3890000,Entertainment,1258332498,919,2016,31458312.0
Mango Videos,3130000,Entertainment,1256600949,9177,2008,31415024.0
News18 Lokmat,2650000,News & Politics,1256527814,142455,2011,31413195.0
rajuindori,1870000,Comedy,1255767275,951,2016,31394182.0
Tips Theatre,4360000,Education,1254647352,3405,2018,31366184.0
Arbaaz Shaikh,4410000,People & Blogs,1254373550,674,2022,31359339.0
Samreen Ali,4420000,Comedy,1253148464,648,2016,31328712.0
arunj224,1880000,Entertainment,1250501686,397,2013,31262542.0
Delicious Food,4180000,Howto & Style,1249596712,1576,2019,31239918.0
Home entertainment and vlog,1860000,People & Blogs,1247842617,1791,2013,31196065.0
Ruptara Vlogs,1850000,People & Blogs,1247810828,7797,2021,31195271.0
FS star News,2430000,Entertainment,1246720621,8820,2017,31168016.0
Play DMF,3930000,Entertainment,1246285918,229,2018,31157148.0
wifistudy 2.0 by Unacademy,5800000,People & Blogs,1245847394,19656,2017,31146185.0
TellyTalkIndia,2140000,News & Politics,1240618489,37944,2013,31015462.0
Missjasleenarora,2230000,People & Blogs,1239465915,349,2020,30986648.0
TFPC,1780000,Entertainment,1239070533,30068,2014,30976763.0
LoveSHEET,4760000,Music,1238108751,115,2017,30952719.0
Dynamo Gaming,9970000,People & Blogs,1237997428,2241,2010,30949936.0
Cineulagam,2820000,Entertainment,1236044205,25180,2011,30901105.0
Shri Devkinandan Thakur Ji,4780000,People & Blogs,1234939704,8347,2014,30873493.0
Telugu Foodie,1290000,Entertainment,1233801767,878,2022,30845044.0
Khandesh Zone,3170000,Comedy,1232911226,114,2019,30822781.0
Vivek Talk,7490000,,1231993354,423,2019,30799834.0
Saga Music Haryanvi,2980000,Music,1231306590,1846,2010,30782665.0
Lalitha Audios And Videos,2850000,Music,1231073209,1462,2012,30776830.0
Hitz Music,4280000,Music,1230990611,732,2017,30774765.0
Gaane Filmi,2790000,Music,1230850659,407,2021,30771266.0
Vijay shorts,1790000,People & Blogs,1228515815,1228,2019,30712895.0
Elvish Yadav Vlogs,7570000,People & Blogs,1228220319,732,2019,30705508.0
Nandighosha TV,2530000,News & Politics,1225376998,135037,2016,30634425.0
